Name;MP;Region;County Area;Electorate;CON;LAB;LIB;UKIP;Green;NAT;MIN;OTH
Aldershot;Gerald Howarth;19;Hampshire;71469;21203;5489;15617;2041;0;0;0;1034
Aldridge-Brownhills;Richard Shepherd;9;Black Country;59355;22913;7647;6833;0;847;0;0;394
Altrincham and Sale West;Graham Brady;6;Central Manchester;71254;24176;11073;12581;1563;0;0;0;0
Amber Valley;Nigel Mills;10;Derbyshire;70171;17746;17210;6636;906;0;0;3195;265
Arundel and South Downs;Nick Herbert;20;West Sussex;77564;32333;4835;15642;3172;0;0;0;0
Ashfield;Gloria de Piero;10;Nottinghamshire;77379;10698;16239;16047;933;0;0;2781;1498
Ashford;Damian Green;20;Kent;81269;29878;9204;12581;2508;1014;0;0;0
Ashton under Lyne;David Heyes;6;Eastern Manchester;67564;9510;18604;5703;1686;0;0;2929;0
Aylesbury;David Lidington;14;Buckinghamshire;77934;27736;6695;15118;3613;0;0;0;0
Banbury;Tony Baldry;15;Oxfordshire;86986;29703;10773;11476;2806;959;0;0;524
Barking;Margaret Hodge;16;Barking and Dagenham;73864;8073;24628;3719;1300;317;0;6620;686
Barnsley Central;Eric Illsley;8;South Yorkshire;65543;6388;17487;6394;1727;0;0;3307;1698
Barnsley East;Michael Dugher;8;South Yorkshire;68435;6329;18059;6969;1731;0;0;3301;1997
Barrow and Furness;John Woodcock;4;Cumbria;68758;16018;21226;4424;841;530;0;0;1085
Basildon and Billericay;John Baron;14;Essex;65482;21922;9584;6538;1591;0;0;1934;0
Basildon South and East Thurrock;Stephen Metcalfe;14;Essex;71815;19624;13852;5977;2639;0;0;0;2643
Basingstoke;Maria Miller;19;Hampshire;75470;25590;10327;12414;2076;0;0;0;247
Bassetlaw;John Mann;10;Nottinghamshire;76542;16803;25018;5570;1779;0;0;0;407
Bath;Don Foster;15;Bristol area;65603;14768;3251;26651;890;1120;0;0;406
Batley and Spen;Mike Wood;7;West Yorkshire;76732;17159;21565;8095;0;605;0;3685;0
Battersea;Jane Ellison;17;Wandsworth;74300;23103;17126;7176;505;559;0;0;323
Beaconsfield;Dominic Grieve;14;Buckinghamshire;74982;32053;6135;10271;2597;768;0;0;666
Beckenham;Bob Stewart;17;Bromley;66219;27597;6893;9813;1551;608;0;0;1224
Bedford;Richard Fuller;13;Bedfordshire;68491;17546;16193;8957;1136;393;0;0;877
Bedfordshire Mid;Nadine Dorries;13;Bedfordshire;76023;28815;8108;13663;2826;773;0;0;712
Bedfordshire North East;Alistair Burt;13;Bedfordshire;78060;30989;8957;12047;2294;0;0;0;1265
Bedfordshire South West;Andrew Selous;13;Bedfordshire;76559;26815;9948;10166;2142;0;0;0;1703
Bermondsey and Old Southwark;Simon Hughes;17;Southwark;77623;7638;13060;21590;0;718;0;0;1645
Berwick-upon-Tweed;Alan Beith;4;Northumberland;57403;14116;5061;16806;1243;0;0;0;1213
Bethnal Green and Bow;Rushanara Ali;16;Tower Hamlets;81243;7071;21784;10210;0;856;0;8532;2275
Beverley and Holderness;Graham Stuart;8;Humber area;79611;25063;11224;12076;1845;686;0;2080;225
Bexhill and Battle;Greg Barker;20;East Sussex;79208;28147;6524;15267;0;0;0;2699;1950
Bexleyheath and Crayford;David Evennett;17;Bexley;64985;21794;11450;5502;1557;371;0;0;2508
Birkenhead;Frank Field;5;Merseyside;62773;6687;22082;6554;0;0;0;0;0
Birmingham Edgbaston;Gisela Stuart;9;Birmingham;68573;15620;16894;6387;732;469;0;0;1469
Birmingham Erdington;Jack Dromey;9;Birmingham;66405;11592;14869;5742;842;0;0;0;2501
Birmingham Hall Green;Roger Godsiff;9;Birmingham;76580;7320;16039;11988;950;0;0;12240;190
Birmingham Hodge Hill;Liam Byrne;9;Birmingham;75040;4936;22077;11775;714;0;0;0;2970
Birmingham Ladywood;Shabana Mahmood;9;Birmingham;73646;4277;19950;9845;902;859;0;0;0
Birmingham Northfield;Richard Burden;9;Birmingham;71338;14059;16841;6550;1363;406;0;0;2595
Birmingham Perry Barr;Khalid Mahmood;9;Birmingham;71304;8960;21142;9234;1675;0;0;0;1034
Birmingham Selly Oak;Stephen McCabe;9;Birmingham;74805;14468;17950;10371;1131;664;0;0;1979
Birmingham Yardley;John Hemming;9;Birmingham;72321;7836;13160;16162;1190;0;0;0;2502
Bishop Auckland;Helen Goodman;4;Durham;68370;10805;16023;9189;1119;0;0;0;4000
Blackburn;Jack Straw;5;Lancashire;72331;11895;21751;6918;942;0;0;0;3993
Blackley and Broughton;Graham Stringer;6;Central Manchester;69489;6260;18563;4861;894;0;0;0;3626
Blackpool North and Cleveleys;Paul Maynard;5;Lancashire;65888;16964;14814;5400;1659;0;0;0;1754
Blackpool South;Gordon Marsden;5;Lancashire;63025;12597;14449;5082;1352;0;0;0;1712
Blaydon;David Anderson;4;Newcastle area;67808;7159;22297;13180;0;0;0;0;2277
Blyth Valley;Ronnie Campbell;4;Northumberland;64263;6412;17156;10488;1665;0;0;0;2845
Bognor Regis and Littlehampton;Nick Gibb;20;West Sussex;70812;24087;6580;11024;3036;0;0;0;2125
Bolsover;Dennis Skinner;10;Derbyshire;72766;10812;21994;6821;1721;0;0;0;2640
Bolton North East;David Crausby;6;Western Manchester;67281;15786;19870;5624;1815;0;0;0;182
Bolton South East;Yasmin Qureshi;6;Western Manchester;69928;10148;18782;6289;1564;614;0;0;2207
Bolton West;Julie Hilling;6;Western Manchester;71250;18235;18327;8177;1901;545;0;0;391
Bootle;Joe Benton;5;Merseyside;71426;3678;27426;6245;2514;0;0;0;1414
Boston and Skegness;Mark Simmonds;8;Lincolnshire;70529;21325;8899;6371;4081;0;0;0;2449
Bosworth;David Tredinnick;10;Leicestershire;77296;23132;8674;18100;1098;0;0;0;3270
Bournemouth East;Tobias Ellwood;18;Dorset;71125;21320;5836;13592;3027;0;0;0;249
Bournemouth West;Conor Burns;18;Dorset;71753;18808;6171;13225;2999;0;0;0;456
Bracknell;Phillip Lee;19;Berkshire;76885;27327;8755;11623;2297;825;0;0;1309
Bradford East;David Ward;7;West Yorkshire;65116;10860;13272;13637;0;0;0;0;2688
Bradford South;Gerry Sutcliffe;7;West Yorkshire;63580;11060;15682;6948;1339;0;0;0;2966
Bradford West;Marsha Singh;7;West Yorkshire;62519;12638;18401;4732;812;940;0;1370;1683
Braintree;Brooks Newmark;14;Essex;71162;25901;9780;9247;2477;718;0;0;1080
Brent Central;Sarah Teather;16;Brent;74076;5067;18681;20026;0;668;0;0;881
Brent North;Barry Gardiner;16;Brent;83896;16486;24514;8879;380;725;0;0;1314
Brentford and Isleworth;Mary Macleod;17;Hounslow;83546;20022;18064;12718;863;787;0;0;1311
Brentwood and Ongar;Eric Pickles;14;Essex;73224;28793;4992;11872;2037;584;0;0;2314
Bridgwater and West Somerset;Ian Liddell-Grainger;18;Somerset;76560;24675;9332;15426;2604;859;0;0;1597
Brigg and Goole;Andrew Percy;8;Humber area;67345;19680;14533;6414;1749;0;0;0;1498
Brighton Kemptown;Simon Kirby;20;East Sussex;66017;16217;14889;7691;1384;2330;0;0;194
Brighton Pavilion;Caroline Lucas;20;East Sussex;74004;12275;14986;7159;948;16238;0;0;228
Bristol East;Kerry McCarthy;15;Bristol area;69448;12749;16471;10993;1510;803;0;0;2491
Bristol North West;Charlotte Leslie;15;Bristol area;73469;19115;13059;15841;1175;511;0;0;635
Bristol South;Dawn Primarolo;15;Bristol area;78579;11086;18600;13866;1264;1216;0;0;2345
Bristol West;Stephen Williams;15;Bristol area;82728;10169;15227;26593;655;2090;0;0;613
Broadland;Keith Simpson;13;Norfolk;73168;24338;7287;17046;2382;752;0;0;871
Bromley and Chislehurst;Bob Neill;17;Bromley;65427;23569;7295;9669;1451;607;0;0;1446
Bromsgrove;Sajid Javid;11;Hereford and Worcestershire;73086;22558;11250;10124;2950;0;0;0;4748
Broxbourne;Charles Walker;14;Hertfordshire;71391;26844;8040;6107;1890;0;0;0;2777
Broxtowe;Anna Soubry;10;Nottinghamshire;72042;20585;20196;8907;1194;423;0;0;1422
Buckingham;John Bercow;14;Buckinghamshire;74996;22860;0;0;8401;0;0;10331;6743
Burnley;Gordon Birtwistle;5;Lancashire;66616;6950;13114;14932;929;0;0;3747;2173
Burton;Andrew Griffiths;11;Staffordshire;74874;22188;15884;7891;1451;0;0;0;2409
Bury North;David Nuttall;6;Western Manchester;66759;18070;15827;7645;1282;0;0;0;2137
Bury South;Ivan Lewis;6;Western Manchester;73544;16216;19508;8796;1017;493;0;0;2237
Bury St Edmunds;David Ruffley;13;Suffolk;84727;27899;9776;15519;3003;2521;0;0;0
Calder Valley;Craig Whittaker;7;West Yorkshire;76903;20397;13966;13037;1173;858;0;0;2349
Camberwell and Peckham;Harriet Harman;17;Southwark;78618;6080;27619;10432;0;1361;0;0;1167
Camborne and Redruth;George Eustice;18;Cornwall;63968;15969;6945;15903;2152;581;0;0;943
Cambridge;Julian Huppert;13;Cambridgeshire;77081;12829;12174;19621;1195;3804;0;0;507
Cambridgeshire North East;Stephen Barclay;13;Cambridgeshire;73224;26862;9274;10437;2991;0;0;0;2500
Cambridgeshire North West;Shailesh Vara;13;Cambridgeshire;88857;29425;9877;12748;4826;0;0;0;1407
Cambridgeshire South;Andrew Lansley;13;Cambridgeshire;78995;27995;6024;20157;1873;1039;0;0;1968
Cambridgeshire South East;James Paice;13;Cambridgeshire;83068;27629;4380;21683;2138;766;0;0;1006
Cannock Chase;Aidan Burley;11;Staffordshire;74509;18271;15076;7732;1580;0;0;2168;732
Canterbury;Julian Brazier;20;Kent;76808;22050;7940;16002;1907;1137;0;0;173
Carlisle;John Stevenson;4;Cumbria;65263;16589;15736;6567;969;614;0;0;1725
Carshalton and Wallington;Tom Brake;17;Sutton;66520;16920;4015;22180;1348;355;0;0;1100
Castle Point;Rebecca Harris;14;Essex;67284;19806;6609;4232;0;0;0;12174;2205
Charnwood;Stephen Dorrell;10;Leicestershire;74473;26560;10536;11531;1799;0;0;0;3116
Chatham and Aylesford;Tracey Crouch;20;Kent;71122;20230;14161;5832;1314;396;0;0;1874
Cheadle;Mark Hunter;6;Eastern Manchester;72458;21445;4920;24717;1430;0;0;0;0
Chelmsford;Simon Burns;14;Essex;77529;25207;5980;20097;1527;476;0;0;1306
Chelsea and Fulham;Greg Hands;16;Hammersmith and Fulham;66295;24093;7371;6473;478;671;0;0;770
Cheltenham;Martin Horwood;15;Gloucestershire;78998;21739;2703;26659;1192;0;0;0;493
Chesham and Amersham;Cheryl Gillan;14;Buckinghamshire;70333;31658;2942;14948;2129;767;0;0;0
Chester, City of;Stephen Mosley;11;Cheshire;68874;18995;16412;8930;1225;535;0;0;693
Chesterfield;Toby Perkins;10;Derbyshire;71878;7214;17891;17342;1432;600;0;0;1360
Chichester;Andrew Tyrie;20;West Sussex;81462;31427;5937;15550;3873;0;0;0;0
Chingford and Woodford Green;Iain Duncan Smith;16;Waltham Forest;64831;22743;9780;7242;1133;650;0;0;1558
Chippenham;Duncan Hames;15;Wiltshire;72105;21500;3620;23970;1783;446;0;0;1066
Chipping Barnet;Theresa Villiers;16;Barnet;77798;24700;12773;10202;1442;1021;0;0;470
Chorley;Lindsay Hoyle;5;Lancashire;70950;18922;21515;6957;2021;0;0;0;359
Christchurch;Christopher Chope;18;Dorset;68861;27888;4849;12478;4201;0;0;0;0
Cities of London and Westminster;Mark Field;16;City of Westminster;66489;19264;8188;7574;664;778;0;0;463
Clacton;Douglas Carswell;14;Essex;67194;22867;10799;5577;0;535;0;0;3345
Cleethorpes;Martin Vickers;8;Humber area;70214;18939;14641;8192;3194;0;0;0;0
Colchester;Bob Russell;14;Essex;74062;15169;5680;22151;1350;694;0;0;1095
Colne Valley;Jason McCartney;7;West Yorkshire;80062;20440;14589;15603;1163;867;0;0;2634
Congleton;Fiona Bruce;11;Cheshire;73692;23250;8747;16187;2147;0;0;0;449
Copeland;Jamie Reed;4;Cumbria;63291;15866;19699;4365;994;389;0;0;1474
Corby;Louise Bagshaw;13;Northamptonshire;78305;22886;20991;7834;0;0;0;0;2525
Cornwall North;Dan Rogerson;18;Cornwall;68662;19531;1971;22512;2300;0;0;0;530
Cornwall South East;Sheryll Murray;18;Cornwall;72237;22390;3507;19170;3083;826;0;0;641
Cotswolds, The;Geoffrey Clifton-Brown;15;Gloucestershire;76728;29075;5886;16211;2292;940;0;0;428
Coventry North East;Bob Ainsworth;9;Coventry and Solihull;73035;9609;21384;7210;1291;0;0;0;3889
Coventry North West;Geoffrey Robinson;9;Coventry and Solihull;72871;13648;19936;8344;1295;497;0;0;2840
Coventry South;Jim Cunningham;9;Coventry and Solihull;73652;15352;19197;8278;1767;639;0;0;691
Crawley;Henry Smith;20;West Sussex;72781;21264;15336;6844;1382;598;0;0;2080
Crewe and Nantwich;Edward Timpson;11;Cheshire;77460;23420;17374;7656;1414;0;0;0;1220
Croydon Central;Gavin Barwell;17;Croydon;78880;19657;16688;6553;997;581;0;3239;2042
Croydon North;Malcolm Wicks;17;Croydon;85212;12466;28947;7226;891;1017;0;0;1129
Croydon South;Richard Ottaway;17;Croydon;81301;28684;11287;12866;2504;981;0;0;0
Dagenham and Rainham;Jon Cruddas;16;Barking and Dagenham;69764;15183;17813;3806;1569;296;0;4952;613
Darlington;Jenny Chapman;4;Durham;69352;13503;16891;10046;1194;0;0;0;1262
Dartford;Gareth Johnson;20;Kent;76271;24428;13800;7361;1842;0;0;0;2649
Daventry;Chris Heaton-Harris;13;Northamptonshire;71451;29252;8168;10064;2333;770;0;0;1187
Denton and Reddish;Andrew Gwynne;6;Eastern Manchester;64765;9360;19191;6727;2060;0;0;0;297
Derby North;Chris Williamson;10;Derbyshire;71484;14283;14896;12638;829;0;0;0;2434
Derby South;Margaret Beckett;10;Derbyshire;71012;11729;17851;8430;1821;0;0;0;1357
Derbyshire Dales;Patrick McLoughlin;10;Derbyshire;63367;24378;9061;10512;1779;772;0;0;278
Derbyshire Mid;Pauline Latham;10;Derbyshire;66297;22877;11585;9711;1252;0;0;0;1917
Derbyshire North East;Natascha Engel;10;Derbyshire;71422;15503;17948;10947;2636;0;0;0;0
Derbyshire South;Heather Wheeler;10;Derbyshire;70610;22935;15807;8012;1206;0;0;0;2459
Devizes;Claire Perry;15;Wiltshire;67374;25519;4711;12514;2076;813;0;0;707
Devon Central;Mel Stride;18;Devon;71204;27737;3715;18507;2870;1044;0;0;0
Devon East;Hugo Swire;18;Devon;73109;25662;5721;16548;4346;815;0;0;0
Devon North;Nick Harvey;18;Devon;74508;18484;2671;24305;3720;697;0;0;1444
Devon South West;Gary Streeter;18;Devon;70059;27908;6193;12034;3084;641;0;0;0
Devon West and Torridge;Geoffrey Cox;18;Devon;76574;25230;2917;22273;3021;1050;0;0;766
Dewsbury;Simon Reevell;7;West Yorkshire;78901;18898;17372;9150;0;849;0;3813;3926
Don Valley;Caroline Flint;8;South Yorkshire;73214;12877;16472;7422;1904;0;0;0;4755
Doncaster Central;Rosie Winterton;8;South Yorkshire;75207;10340;16569;8795;1421;0;0;0;4620
Doncaster North;Ed Miliband;8;South Yorkshire;72381;8728;19637;6174;1797;0;0;2818;2329
Dorset Mid and Poole North;Annette Brooke;18;Dorset;64660;20831;2748;21100;2109;0;0;0;0
Dorset North;Robert Walter;18;Dorset;73698;27640;2910;20015;2812;546;0;0;218
Dorset South;Richard Drax;18;Dorset;73838;22667;15224;9557;2034;595;0;0;233
Dorset West;Oliver Letwin;18;Dorset;76869;27287;3815;23364;2196;675;0;0;0
Dover;Charlie Elphicke;20;Kent;71832;22174;16900;7962;1747;0;0;0;1602
Dudley North;Ian Austin;9;Black Country;60838;14274;14923;4066;3267;0;0;0;2072
Dudley South;Chris Kelly;9;Black Country;60572;16450;12594;5989;3132;0;0;0;0
Dulwich and West Norwood;Tessa Jowell;17;Lambeth;72817;10684;22461;13096;707;1266;0;0;0
Durham North;Kevan Jones;4;Durham;67548;8622;20698;8617;1344;0;0;0;1686
Durham North West;Pat Glass;4;Durham;70618;8766;18539;10927;1259;0;0;2472;1852
Durham, City of;Roberta Blackman-Woods;4;Durham;68832;6146;20496;17429;856;0;0;0;1325
Ealing Central and Acton;Angie Bray;17;Ealing;63489;17944;14228;13041;765;737;0;0;485
Ealing North;Stephen Pound;17;Ealing;67902;14722;24023;6283;685;505;0;0;1460
Ealing Southall;Virendra Sharma;17;Ealing;60379;12733;22024;6383;0;705;0;0;911
Easington;Grahame Morris;4;Durham;63873;4790;20579;5597;1631;0;0;0;2317
East Ham;Stephen Timms;16;Newham;90675;7645;35471;5849;0;586;0;0;822
Eastbourne;Stephen Lloyd;20;East Sussex;77840;21223;2497;24658;1305;0;0;1327;1114
Eastleigh;Christopher Huhne;19;Hampshire;77435;21102;5153;24966;1933;0;0;0;496
Eddisbury;Stephen O'Brien;11;Cheshire;65306;23472;9794;10217;1931;0;0;0;0
Edmonton;Andy Love;16;Enfield;63902;12052;21665;4252;1036;516;0;0;856
Ellesmere Port and Neston;Andrew Miller;11;Cheshire;63097;15419;19750;6663;1619;0;0;0;782
Elmet and Rothwell;Alec Shelbrooke;7;West Yorkshire;77724;23778;19257;9109;1593;0;0;0;2052
Eltham;Clive Efford;17;Greenwich;62590;15753;17416;5299;1011;419;0;0;2066
Enfield North;Nick de Bois;16;Enfield;66258;18804;17112;5403;938;489;0;0;1707
Enfield Southgate;David Burrowes;16;Enfield;64138;21928;14302;6124;505;632;0;0;861
Epping Forest;Eleanor Laing;14;Essex;72198;25148;6641;10017;1852;659;0;0;2267
Epsom and Ewell;Chris Grayling;19;Surrey;78104;30868;6538;14734;2549;0;0;0;266
Erewash;Jessica Lee;10;Derbyshire;69654;18805;16304;8343;855;534;0;0;2801
Erith and Thamesmead;Teresa Pearce;17;Bexley;69918;13365;19068;5116;1139;322;0;2184;1282
Esher and Walton;Dominic Raab;19;Surrey;75338;32134;5829;13541;1783;0;0;0;1256
Exeter;Ben Bradshaw;18;Devon;77157;17221;19942;10581;1930;792;0;0;1781
Fareham;Mark Hoban;19;Hampshire;75878;30037;7719;12945;2235;791;0;0;618
Faversham and Kent Mid;Hugh Robertson;20;Kent;68858;26250;7748;9162;1722;890;0;0;940
Feltham and Heston;Alan Keen;17;Hounslow;81058;16516;21174;6679;992;530;0;0;2645
Filton and Bradley Stoke;Jack Lopresti;15;Bristol area;69003;19686;12772;12197;1506;441;0;0;1699
Finchley and Golders Green;Mike Freer;16;Barnet;77198;21688;15879;8036;817;737;0;0;0
Folkestone and Hythe;Damian Collins;20;Kent;78003;26109;5719;15987;2439;637;0;0;1909
Forest of Dean;Mark Harper;15;Gloucestershire;68419;22853;11789;10676;2522;923;0;0;0
Fylde;Mark Menzies;5;Lancashire;65917;22826;8624;9641;1945;654;0;0;0
Gainsborough;Edward Leigh;8;Lincolnshire;72144;24266;7701;13707;2065;0;0;0;1512
Garston and Halewood;Maria Eagle;5;Merseyside;71312;6908;25493;8616;1540;0;0;0;268
Gateshead;Ian Mearns;4;Newcastle area;66492;5716;20712;8163;1103;379;0;0;2184
Gedling;Vernon Coaker;10;Nottinghamshire;70590;17962;19821;7350;1459;0;0;0;1598
Gillingham and Rainham;Rehman Chishti;20;Kent;70865;21624;12944;8484;1515;356;0;0;1863
Gloucester;Richard Graham;15;Gloucestershire;79322;20267;17847;9767;1808;511;0;0;564
Gosport;Caroline Dinenage;19;Hampshire;72720;24300;7944;9887;1496;573;0;0;2739
Grantham and Stamford;Nicholas Boles;8;Lincolnshire;78000;26552;9503;11726;1604;0;0;0;3414
Gravesham;Adam Holloway;20;Kent;70195;22956;13644;6293;2265;675;0;0;1470
Great Grimsby;Austin Mitchell;8;Humber area;61229;10063;10777;7388;2043;0;0;0;2683
Great Yarmouth;Brandon Lewis;13;Norfolk;70315;18571;14295;6188;2066;416;0;0;1521
Greenwich and Woolwich;Nick Raynsford;17;Greenwich;65489;10109;20262;7498;0;1054;0;0;2265
Guildford;Anne Milton;19;Surrey;77082;29618;2812;21836;1021;0;0;0;280
Hackney North and Stoke Newington;Diane Abbott;16;Hackney;73874;6759;25553;11092;0;2133;0;0;951
Hackney South and Shoreditch;Meg Hillier;16;Hackney;72816;5800;23888;9600;651;1493;0;0;1426
Halesowen and Rowley Regis;James Morris;9;Black Country;63693;18115;16092;6515;2824;0;0;0;433
Halifax;Linda Riordan;7;West Yorkshire;70380;14806;16278;8335;654;0;0;0;3482
Haltemprice and Howden;David Davis;8;Humber area;70403;24486;7630;12884;0;669;0;0;3068
Halton;Derek Twigg;11;Cheshire;68884;8339;23843;5718;1228;647;0;0;1563
Hammersmith;Andy Slaughter;16;Hammersmith and Fulham;72348;17261;20810;7567;551;696;0;0;567
Hampshire East;Damian Hinds;19;Hampshire;72250;29137;4043;15640;1477;0;0;0;1020
Hampshire North East;James Arbuthnot;19;Hampshire;72196;32075;5173;13478;2213;0;0;0;0
Hampshire North West;Sir George Young;19;Hampshire;76040;31072;6980;12489;2751;0;0;0;0
Hampstead and Kilburn;Glenda Jackson;16;Camden;79713;17290;17332;16491;408;759;0;0;542
Harborough;Edward Garnier;10;Leicestershire;77917;26894;6981;17097;1462;0;0;0;2511
Harlow;Robert Halfon;14;Essex;67439;19691;14766;5990;1591;0;0;0;1840
Harrogate and Knaresborough;Andrew Jones;7;North Yorkshire;75269;24305;3413;23266;1056;0;0;0;1094
Harrow East;Bob Blackman;16;Harrow;68554;21435;18032;6850;896;793;0;0;0
Harrow West;Gareth Thomas;16;Harrow;71510;16968;20111;7458;954;625;0;0;0
Hartlepool;Iain Wright;4;Teesside;68923;10758;16267;6533;2682;0;0;0;2002
Harwich and North Essex;Bernard Jenkin;14;Essex;70743;23001;9774;11554;2527;909;0;0;1235
Hastings and Rye;Amber Rudd;20;East Sussex;78000;20468;18475;7825;1397;0;0;0;1649
Havant;David Willetts;19;Hampshire;69712;22433;7777;10273;2611;0;0;0;809
Hayes and Harlington;John McDonnell;17;Hillingdon;70233;12553;23377;3726;0;348;0;0;2633
Hazel Grove;Andrew Stunell;6;Eastern Manchester;63074;14114;5234;20485;2148;0;0;0;0
Hemel Hempstead;Michael Penning;14;Hertfordshire;72754;24721;10295;11315;1254;0;0;0;1886
Hemsworth;Jon Trickett;7;West Yorkshire;72552;10662;20506;5667;0;0;0;3946;3059
Hendon;Matthew Offord;16;Barnet;78923;19635;19529;5734;958;518;0;0;0
Henley;John Howell;15;Oxfordshire;75005;30054;5835;13466;1817;1328;0;0;1020
Hereford and South Herefordshire;Jesse Norman;11;Hereford and Worcestershire;71435;22366;3506;19885;1638;0;0;0;986
Herefordshire North;Bill Wiggin;11;Hereford and Worcestershire;66525;24631;3373;14744;2701;1533;0;0;586
Hertford and Stortford;Mark Prisk;14;Hertfordshire;78459;29810;7620;14373;1716;0;0;0;1858
Hertfordshire North East;Oliver Heald;14;Hertfordshire;72200;26995;8291;11801;2075;875;0;0;388
Hertfordshire South West;David Gauke;14;Hertfordshire;78248;30773;6526;15853;1450;0;0;0;2148
Hertsmere;James Clappison;14;Hertfordshire;73062;26476;8871;8210;1712;604;0;0;1397
Hexham;Guy Opperman;4;Northumberland;61375;18795;8253;13007;0;0;0;0;3428
Heywood and Middleton;Jim Dobbin;6;Eastern Manchester;80171;12528;18499;10474;1215;0;0;0;3409
High Peak;Andrew Bingham;10;Derbyshire;71973;20587;15910;10993;1690;922;0;0;235
Hitchin and Harpenden;Peter Lilley;14;Hertfordshire;73851;29869;7413;14598;1663;807;0;0;357
Holborn and St Pancras;Frank Dobson;16;Camden;86863;11134;25198;15256;587;1480;0;0;994
Hornchurch and Upminster;Angela Watkinson;16;Havering;78487;27469;11098;7426;2848;542;0;3421;586
Hornsey and Wood Green;Lynne Featherstone;16;Haringey;79916;9174;18720;25595;0;1261;0;0;292
Horsham;Francis Maude;20;West Sussex;76835;29447;4189;17987;2839;570;0;0;809
Houghton and Sunderland South;Bridget Phillipson;4;Newcastle area;68729;8147;19137;5292;1022;0;0;2462;1961
Hove;Mike Weatherley;20;East Sussex;71708;18294;16426;11240;1206;2568;0;0;85
Huddersfield;Barry Sheerman;7;West Yorkshire;66316;11253;15725;10023;0;1641;0;0;1882
Hull East;Karl Turner;8;Humber area;67530;5667;16387;7790;2745;0;0;0;1595
Hull North;Diana Johnson;8;Humber area;64082;4365;13044;12403;1358;478;0;0;1643
Hull West and Hessle;Alan Johnson;8;Humber area;57264;6361;13378;7636;1688;0;0;0;2442
Huntingdon;Jonathan Djanogly;13;Cambridgeshire;83557;26516;5982;15697;3258;652;0;0;2161
Hyndburn;Graham Jones;5;Lancashire;67221;14441;17531;5033;1481;463;0;2137;1586
Ilford North;Lee Scott;16;Redbridge;72372;21506;16102;5966;871;572;0;0;2001
Ilford South;Mike Gapes;16;Redbridge;86220;14014;25301;8679;1132;1319;0;0;746
Ipswich;Ben Gummer;13;Suffolk;78371;18371;16292;8556;1365;775;0;0;1582
Isle of Wight;Andrew Turner;19;Hampshire;109966;32810;8169;22283;2435;931;0;0;3636
Islington North;Jeremy Corbyn;16;Islington;68120;6339;24276;11875;716;1348;0;0;0
Islington South and Finsbury;Emily Thornberry;16;Islington;67649;8449;18407;14838;701;710;0;0;450
Jarrow;Stephen Hepburn;4;Newcastle area;64350;8002;20910;7163;0;0;0;0;2709
Keighley;Kris Hopkins;7;West Yorkshire;65893;20003;17063;7059;1470;0;0;0;2097
Kenilworth and Southam;Jeremy Wright;10;Warwickshire;64362;25945;6949;13393;1214;568;0;0;362
Kensington;Sir Malcolm Rifkind;16;Kensington and Chelsea;65961;17595;8979;6872;754;753;0;0;197
Kettering;Philip Hollobone;13;Northamptonshire;68837;23247;14153;7498;0;0;0;0;2430
Kingston and Surbiton;Edward Davey;17;Kingston Upon Thames;81116;20868;5337;28428;1450;555;0;0;473
Kingswood;Chris Skidmore;15;Bristol area;66361;19362;16917;8072;1528;383;0;0;1644
Knowsley;George Howarth;5;Merseyside;79561;4004;31650;5964;1145;0;0;0;1895
Lancashire West;Rosie Cooper;5;Lancashire;75975;17540;21883;6573;1775;485;0;0;217
Lancaster and Fleetwood;Eric Ollerenshaw;5;Lancashire;69908;15404;15071;8167;1020;1888;0;0;1151
Leeds Central;Hilary Benn;7;West Yorkshire;64698;7541;18434;7789;0;0;0;0;3630
Leeds East;George Mudie;7;West Yorkshire;65067;8763;19056;6618;0;0;0;0;3376
Leeds North East;Fabian Hamilton;7;West Yorkshire;67899;15742;20287;9310;842;0;0;0;1354
Leeds North West;Greg Mulholland;7;West Yorkshire;65399;11550;9132;20653;600;508;0;0;1040
Leeds West;Rachel Reeves;7;West Yorkshire;67453;7641;16389;9373;1140;1832;0;0;2377
Leicester East;Keith Vaz;10;Leicestershire;72986;11722;25804;6817;725;733;0;0;2194
Leicester South;Peter Soulsby;10;Leicestershire;77175;10066;21479;12671;720;770;0;0;1418
Leicester West;Elizabeth Kendall;10;Leicestershire;64900;9728;13745;8107;883;639;0;0;2717
Leicestershire North West;Andrew Bridgen;10;Leicestershire;71219;23147;15636;8639;1134;0;0;0;3396
Leicestershire South;Andrew Robathan;10;Leicestershire;76639;27000;11392;11476;1988;0;0;0;2721
Leigh;Andrew Burnham;6;Western Manchester;76350;9284;21295;8049;1535;0;0;0;4169
Lewes;Norman Baker;20;East Sussex;68708;18401;2508;26048;1728;729;0;0;674
Lewisham Deptford;Joan Ruddock;17;Lewisham;67058;5551;22132;9633;0;2772;0;0;1132
Lewisham East;Heidi Alexander;17;Lewisham;65926;9850;17966;11750;771;624;0;0;758
Lewisham West and Penge;Jim Dowd;17;Lewisham;69022;11489;18501;12673;1117;931;0;0;317
Leyton and Wanstead;John Cryer;16;Waltham Forest;63541;8928;17511;11095;1080;562;0;0;983
Lichfield;Michael Fabricant;11;Staffordshire;72586;28048;10230;10365;2920;0;0;0;0
Lincoln;Karl McCartney;8;Lincolnshire;73540;17163;16105;9256;1004;0;0;0;2193
Liverpool Riverside;Louise Ellman;5;Merseyside;74539;4243;22998;8825;674;1355;0;0;706
Liverpool Walton;Steve Rotheram;5;Merseyside;62612;2241;24709;4891;898;0;0;1104;492
Liverpool Wavertree;Luciana Berger;5;Merseyside;62518;2830;20132;12965;890;598;0;0;499
Liverpool West Derby;Stephen Twigg;5;Merseyside;63082;3311;22953;4486;1093;0;0;3327;614
Loughborough;Nicky Morgan;10;Leicestershire;77502;21971;18227;9675;925;0;0;0;2040
Louth and Horncastle;Sir Peter Tapsell;8;Lincolnshire;77650;25065;8760;11194;2183;0;0;0;3292
Ludlow;Philip Dunne;11;Shropshire;66631;25720;3272;15971;2127;447;0;0;1195
Luton North;Kelvin Hopkins;13;Bedfordshire;65062;13672;21192;4784;1564;490;0;0;1316
Luton South;Gavin Shuker;13;Bedfordshire;59962;12396;14725;9567;975;366;0;0;4187
Macclesfield;David Rutley;11;Cheshire;73417;23503;10164;11544;1418;840;0;0;2590
Maidenhead;Theresa May;19;Berkshire;72844;31937;3795;15168;1243;482;0;0;1095
Maidstone and The Weald;Helen Grant;20;Kent;71041;23491;4769;17602;1637;655;0;0;774
Makerfield;Yvonne Fovargue;6;Western Manchester;73641;8210;20700;7082;0;0;0;3424;4355
Maldon;John Whittingdale;14;Essex;68861;28661;6070;9254;2446;0;0;0;1464
Manchester Central;Tony Lloyd;6;Central Manchester;90110;4704;21059;10620;607;915;0;0;2022
Manchester Gorton;Sir Gerald Kaufman;6;Central Manchester;75933;4224;19211;12508;0;1048;0;0;1334
Manchester Withington;John Leech;6;Central Manchester;74371;5005;18216;20110;698;798;0;0;204
Mansfield;Alan Meale;10;Nottinghamshire;80069;12741;18753;7469;2985;0;0;4339;2108
Meon Valley;George Hollingbery;19;Hampshire;70488;28818;3266;16693;1490;0;0;0;971
Meriden;Caroline Spelman;9;Coventry and Solihull;83826;26956;10703;9278;1378;678;0;0;3169
Middlesbrough;Sir Stuart Bell;4;Teesside;65148;6283;15351;6662;1236;0;0;0;3923
Middlesbrough South and Cleveland East;Tom Blenkinsop;4;Teesside;72664;16461;18138;7340;1881;0;0;0;2394
Milton Keynes North;Mark Lancaster;14;Buckinghamshire;85841;23419;14458;11894;1772;733;0;0;1612
Milton Keynes South;Iain Stewart;14;Buckinghamshire;90487;23034;17833;9787;2074;774;0;0;1831
Mitcham and Morden;Siobhain McDonagh;17;Merton;65939;11056;24722;5202;857;381;0;0;1579
Mole Valley;Sir Paul Beresford;19;Surrey;72612;31263;3804;15610;2752;895;0;0;0
Morecambe and Lunesdale;David Morris;5;Lancashire;69965;18035;17169;5791;1843;598;0;0;0
Morley and Outwood;Ed Balls;7;West Yorkshire;74200;17264;18365;8186;1506;0;0;3535;0
New Forest East;Julian Lewis;19;Hampshire;72858;26443;4915;15136;2518;1024;0;0;0
New Forest West;Desmond Swayne;19;Hampshire;68332;27980;4666;11084;2783;1059;0;0;0
Newark;Patrick Mercer;10;Nottinghamshire;71785;27590;11438;10246;1954;0;0;0;0
Newbury;Richard Benyon;19;Berkshire;78329;33057;2505;20809;1475;490;0;0;253
Newcastle upon Tyne Central;Chi Onwurah;4;Newcastle area;60507;6611;15694;8228;754;568;0;0;2302
Newcastle upon Tyne East;Nick Brown;4;Newcastle area;64487;6068;17043;12590;0;620;0;0;1519
Newcastle upon Tyne North;Catherine McKinnell;4;Newcastle area;67110;7966;17950;14536;1285;319;0;0;1890
Newcastle-under-Lyme;Paul Farrelly;11;Staffordshire;69433;14841;16393;8466;3491;0;0;0;0
Newton Abbot;Anne-Marie Morris;18;Devon;69343;20774;3387;20251;3088;701;0;0;82
Norfolk Mid;George Freeman;13;Norfolk;74260;25123;8857;11267;2800;1457;0;0;1261
Norfolk North;Norman Lamb;13;Norfolk;67841;15928;2896;27554;2680;508;0;0;95
Norfolk North West;Henry Bellingham;13;Norfolk;73207;25916;6353;11106;1841;745;0;0;1839
Norfolk South;Richard Bacon;13;Norfolk;76165;27133;7252;16193;2329;1000;0;0;1086
Norfolk South West;Elizabeth Truss;13;Norfolk;74298;23753;9119;10613;3061;830;0;0;1774
Normanton, Pontefract and Castleford;Yvette Cooper;7;West Yorkshire;82239;11314;22293;7585;0;0;0;0;5047
Northampton North;Michael Ellis;13;Northamptonshire;64230;13735;11799;11250;1238;443;0;0;1806
Northampton South;Brian Binley;13;Northamptonshire;66923;15917;9913;7579;1897;363;0;0;3309
Northamptonshire South;Andrea Leadsom;13;Northamptonshire;82032;33081;10380;12603;2406;685;0;0;735
Norwich North;Chloe Smith;13;Norfolk;65258;17280;13379;7783;1878;1245;0;0;1008
Norwich South;Simon Wright;13;Norfolk;73649;10902;13650;13960;1145;7095;0;0;799
Nottingham East;Christopher Leslie;10;Nottinghamshire;58707;7846;15022;8053;1138;928;0;0;125
Nottingham North;Graham Allen;10;Nottinghamshire;63240;8508;16646;5849;1338;0;0;0;1944
Nottingham South;Lilian Greenwood;10;Nottinghamshire;67441;13437;15209;9406;967;630;0;0;1140
Nuneaton;Marcus Jones;10;Warwickshire;67837;18536;16467;6846;0;0;0;0;2797
Old Bexley and Sidcup;James Brokenshire;17;Bexley;65665;24625;8768;6996;1532;371;0;0;3200
Oldham East and Saddleworth;Phil Woolas;6;Eastern Manchester;72765;11773;14186;14083;1720;0;0;0;2758
Oldham West and Royton;Michael Meacher;6;Eastern Manchester;72651;10151;19503;8193;1387;0;0;0;3676
Orpington;Joseph Johnson;17;Bromley;67732;29200;4400;12000;1360;511;0;0;1440
Oxford East;Andrew Smith;15;Oxfordshire;81886;9727;21938;17357;1202;1238;0;0;189
Oxford West and Abingdon;Nicola Blackwood;15;Oxfordshire;86458;23906;5999;23730;1518;1184;0;0;143
Pendle;Andrew Stephenson;5;Lancashire;66417;17512;13927;9095;1476;0;0;0;3035
Penistone and Stocksbridge;Angela Smith;8;South Yorkshire;68501;14516;17565;9800;1936;0;0;0;2699
Penrith and The Border;Rory Stewart;4;Cumbria;64548;24071;5834;12830;1259;0;0;0;1093
Peterborough;Stewart Jackson;13;Cambridgeshire;70316;18133;13272;8816;3007;523;0;0;1176
Plymouth Moor View;Alison Seabeck;18;Devon;67261;13845;15433;7016;3188;398;0;0;1646
Plymouth Sutton and Devonport;Oliver Colvile;18;Devon;71035;15050;13901;10829;2854;904;0;0;356
Poole;Robert Syms;18;Dorset;64661;22532;6041;14991;2507;0;0;0;1365
Poplar and Limehouse;Jim Fitzpatrick;16;Tower Hamlets;74956;12649;18679;5209;565;449;0;8160;989
Portsmouth North;Penny Mordaunt;19;Hampshire;70329;19533;12244;8874;1812;461;0;0;1194
Portsmouth South;Mike Hancock;19;Hampshire;70242;13721;5640;18921;876;716;0;0;1390
Preston;Mark Hendrick;5;Lancashire;62460;7060;15668;7935;1462;0;0;0;380
Pudsey;Stuart Andrew;7;West Yorkshire;69257;18874;17215;10224;1221;0;0;0;1549
Putney;Justine Greening;17;Wandsworth;63370;21223;11170;6907;435;591;0;0;459
Rayleigh and Wickford;Mark Francois;14;Essex;75905;30257;7577;7919;2211;0;0;0;4379
Reading East;Rob Wilson;19;Berkshire;74922;21269;12729;13664;1086;1069;0;0;168
Reading West;Alok Sharma;19;Berkshire;72118;20523;14519;9546;1508;582;0;0;852
Redcar;Ian Swales;4;Teesside;67125;5790;13741;18955;1875;0;0;0;1602
Redditch;Karen Lumley;11;Hereford and Worcestershire;68550;19138;13317;7750;1497;393;0;0;1923
Reigate;Crispin Blunt;19;Surrey;71604;26688;5672;13097;2089;1087;0;0;1345
Ribble South;Lorraine Fullbrook;5;Lancashire;75822;23396;17842;7271;1895;0;0;0;1054
Ribble Valley;Nigel Evans;5;Lancashire;78068;26298;11529;10732;3496;0;0;0;232
Richmond;William Hague;7;North Yorkshire;79478;33541;8150;10205;0;1516;0;0;0
Richmond Park;Zac Goldsmith;17;Richmond Upon Thames;77060;29461;2979;25370;669;572;0;0;217
Rochdale;Simon Danczuk;6;Eastern Manchester;78952;8305;16699;15810;1999;0;0;0;3094
Rochester and Strood;Mark Reckless;20;Kent;73882;23604;13651;7800;0;734;0;0;2182
Rochford and Southend East;James Duddridge;14;Essex;71080;19509;8459;8084;2405;707;0;0;2467
Romford;Andrew Rosindell;16;Havering;71193;26031;9077;5572;2050;447;0;2438;866
Romsey and Southampton North;Caroline Nokes;19;Hampshire;66901;24345;3116;20189;1289;0;0;0;0
Rossendale and Darwen;Jake Berry;5;Lancashire;73003;19691;15198;8541;1617;0;0;0;2081
Rother Valley;Kevin Barron;8;South Yorkshire;72841;13281;19147;8111;2613;0;0;0;3606
Rotherham;Denis MacShane;8;South Yorkshire;63565;6279;16741;5994;2220;0;0;3906;2366
Rugby;Mark Pawsey;10;Warwickshire;68914;20901;14901;9434;406;451;0;0;1375
Ruislip, Northwood and Pinner;Nick Hurd;17;Hillingdon;70873;28866;9806;8345;1351;740;0;0;1097
Runnymede and Weybridge;Philip Hammond;19;Surrey;72566;26915;6446;10406;3146;696;0;0;541
Rushcliffe;Kenneth Clarke;10;Nottinghamshire;72955;27470;11128;11659;2179;1251;0;0;0
Rutland and Melton;Alan Duncan;10;Leicestershire;77185;28228;7893;14228;2526;0;0;0;2345
Saffron Walden;Sir Alan Haselhurst;14;Essex;76035;30155;5288;14913;2228;735;0;0;1050
Salford and Eccles;Hazel Blears;6;Central Manchester;75482;8497;16655;10930;1084;0;0;0;4367
Salisbury;John Glen;15;Wiltshire;67429;23859;3690;17893;1392;506;0;0;1141
Scarborough and Whitby;Robert Goodwill;7;North Yorkshire;75443;21108;12978;11093;1484;734;0;0;1885
Scunthorpe;Nic Dakin;8;Humber area;63089;12091;14640;6774;1686;396;0;0;1447
Sedgefield;Phil Wilson;4;Durham;64727;9445;18141;8033;1479;0;0;0;3124
Sefton Central;Bill Esterson;5;Merseyside;67512;16445;20307;9656;2055;0;0;0;0
Selby and Ainsty;Nigel Adams;7;North Yorkshire;72789;25562;13297;9180;1635;0;0;0;2054
Sevenoaks;Michael Fallon;20;Kent;69591;28076;6541;10561;1782;0;0;0;2448
Sheffield Brightside and Hillsborough;David Blunkett;8;South Yorkshire;68186;4468;21400;7768;1596;0;0;3026;656
Sheffield Central;Paul Blomfield;8;South Yorkshire;69519;4206;17138;16973;652;1556;0;0;943
Sheffield Hallam;Nick Clegg;8;South Yorkshire;69378;12040;8228;27324;1195;919;0;0;1429
Sheffield Heeley;Meg Munn;8;South Yorkshire;65869;7081;17409;11602;1530;989;0;0;2260
Sheffield South East;Clive Betts;8;South Yorkshire;67284;7202;20169;9664;1889;0;0;0;2484
Sherwood;Mark Spencer;10;Nottinghamshire;71043;19211;18997;7283;1490;0;0;0;1973
Shipley;Philip Davies;7;West Yorkshire;67689;24002;14058;9890;0;1477;0;0;0
Shrewsbury and Atcham;Daniel Kawczynski;11;Shropshire;75438;23313;10915;15369;1627;565;0;0;1256
Shropshire North;Owen Paterson;11;Shropshire;78926;26692;9406;10864;2432;808;0;0;1667
Sittingbourne and Sheppey;Gordon Henderson;20;Kent;75354;24313;11930;7943;2610;0;0;0;1782
Skipton and Ripon;Julian Smith;7;North Yorkshire;77381;27685;5498;17735;1909;0;0;0;1897
Sleaford and North Hykeham;Stephen Phillips;8;Lincolnshire;85550;30719;10051;10814;2163;0;0;3806;1977
Slough;Fiona Mactaggart;19;Berkshire;77068;16361;21884;6943;1517;542;0;0;495
Solihull;Lorely Burt;9;Coventry and Solihull;77863;23460;4891;23635;1200;0;0;0;1943
Somerset North;Liam Fox;15;Bristol area;77304;28549;6448;20687;2257;0;0;0;0
Somerset North East;Jacob Rees-Mogg;15;Bristol area;67412;21130;16216;11433;1754;670;0;0;0
Somerton and Frome;David Heath;18;Somerset;81548;26976;2675;28793;1932;0;0;0;236
South Holland and The Deepings;John Hayes;8;Lincolnshire;76243;29639;7024;7759;3246;724;0;0;1796
South Shields;David Miliband;4;Newcastle area;63294;7886;18995;5189;0;0;0;0;4448
Southampton Itchen;John Denham;19;Hampshire;74532;16134;16326;9256;1928;600;0;0;168
Southampton Test;Alan Whitehead;19;Hampshire;71931;14588;17001;9865;1726;881;0;0;126
Southend West;David Amess;14;Essex;66527;20086;5850;12816;1714;644;0;0;2496
Southport;John Pugh;5;Merseyside;67202;15683;4116;21707;2251;0;0;0;0
Spelthorne;Kwasi Kwarteng;19;Surrey;70479;22261;7789;12242;4009;0;0;0;1003
St Albans;Anne Main;14;Hertfordshire;70058;21533;9288;19228;2028;758;0;0;0
St Austell and Newquay;Stephen Gilbert;18;Cornwall;76346;18877;3386;20189;1757;0;0;2007;1022
St Helens North;Dave Watts;5;Merseyside;74985;9940;23041;8992;2100;0;0;0;483
St Helens South and Whiston;Shaun Woodward;5;Merseyside;77975;8209;24364;10242;1226;0;0;0;2040
St Ives;Andrew George;18;Cornwall;66930;17900;3751;19619;2560;1308;0;0;783
Stafford;Jeremy Lefroy;11;Staffordshire;70587;22047;16587;8211;1727;564;0;0;1103
Staffordshire Moorlands;Karen Bradley;11;Staffordshire;62071;19793;13104;7338;3580;0;0;0;0
Staffordshire South;Gavin Williamson;11;Staffordshire;73390;26834;10244;8427;2753;0;0;0;2182
Stalybridge and Hyde;Jonathan Reynolds;6;Eastern Manchester;69037;13445;16189;6965;1342;679;0;0;2259
Stevenage;Stephen McPartland;14;Hertfordshire;68937;18491;14913;7432;2004;0;0;0;1811
Stockport;Ann Coffey;6;Eastern Manchester;63525;9913;16697;9778;862;677;0;0;1201
Stockton North;Alex Cunningham;4;Teesside;67363;10247;16923;6342;1556;0;0;0;4430
Stockton South;James Wharton;4;Teesside;74552;19577;19245;7600;1471;0;0;0;2391
Stoke-on-Trent Central;Tristram Hunt;11;Staffordshire;60995;6833;12605;7039;1402;0;0;0;4591
Stoke-on-Trent North;Joan Walley;11;Staffordshire;72052;9580;17815;7120;2485;0;0;0;3196
Stoke-on-Trent South;Robert Flello;11;Staffordshire;68031;11316;15446;6323;1363;0;0;3762;1642
Stone;William Cash;11;Staffordshire;66979;23890;9770;10598;2481;490;0;0;0
Stourbridge;Margot James;9;Black Country;69637;20153;14989;7733;2103;394;0;0;1862
Stratford-on-Avon;Nadhim Zahawi;10;Warwickshire;69516;26052;4809;14706;1846;527;0;0;2602
Streatham;Chuka Umunna;17;Lambeth;74531;8578;20037;16778;0;861;0;0;583
Stretford and Urmston;Kate Green;6;Central Manchester;70091;12886;21821;7601;1508;916;0;0;178
Stroud;Neil Carmichael;15;Gloucestershire;78305;23679;22380;8955;1301;1542;0;0;116
Suffolk Central and Ipswich North;Daniel Poulter;13;Suffolk;75848;27125;8636;13339;2361;1452;0;0;507
Suffolk Coastal;Therese Coffey;13;Suffolk;76687;25475;8812;16347;3156;1103;0;0;0
Suffolk South;Tim Yeo;13;Suffolk;72498;24550;7368;15861;3637;0;0;0;0
Suffolk West;Matthew Hancock;13;Suffolk;74413;24312;7089;11262;3085;0;0;0;2341
Sunderland Central;Julie Elliott;4;Newcastle area;74485;12770;19495;7191;1094;0;0;0;1913
Surrey East;Sam Gyimah;19;Surrey;76855;31007;4925;14133;3770;0;0;0;805
Surrey Heath;Michael Gove;19;Surrey;77690;31326;5552;14037;3432;0;0;0;0
Surrey South West;Jeremy Hunt;19;Surrey;77980;33605;3419;17287;1486;690;0;0;772
Sussex Mid;Nicholas Soames;20;West Sussex;77182;28329;3689;20927;1423;645;0;0;842
Sutton and Cheam;Paul Burstow;17;Sutton;66658;20548;3376;22156;950;246;0;0;1232
Sutton Coldfield;Andrew Mitchell;9;Birmingham;74489;27303;10298;9117;1587;535;0;0;1749
Swindon North;Justin Tomlinson;15;Wiltshire;78391;22408;15348;8668;1842;487;0;0;1542
Swindon South;Robert Buckland;15;Wiltshire;72622;19687;16143;8305;2029;619;0;0;336
Tamworth;Christopher Pincher;11;Staffordshire;72693;21238;15148;7516;2253;0;0;0;235
Tatton;George Osborne;11;Cheshire;65689;24687;7803;10200;0;0;0;0;2541
Taunton Deane;Jeremy Browne;18;Somerset;82537;24538;2967;28531;2114;0;0;0;0
Telford;David Wright;11;Shropshire;65061;14996;15974;6399;2428;0;0;0;1513
Tewkesbury;Laurence Robertson;15;Gloucestershire;76655;25472;6253;19162;2230;525;0;0;319
Thanet North;Roger Gale;20;Kent;69432;22826;9298;8400;2819;0;0;0;0
Thanet South;Laura Sandys;20;Kent;71596;22043;14426;6935;2529;0;0;0;0
Thirsk and Malton;Anne McIntosh;7;North Yorkshire;76231;20167;5169;8886;2502;0;0;0;1418
Thornbury and Yate;Steve Webb;15;Bristol area;64092;17916;3385;25032;1709;0;0;0;184
Thurrock;Jackie Doyle-Price;14;Essex;77758;16869;16777;4901;3390;0;0;3618;266
Tiverton and Honiton;Neil Parish;18;Devon;76810;27614;4907;18294;3277;802;0;0;0
Tonbridge and Malling;Sir John Stanley;20;Kent;71790;29723;6476;11545;1911;764;0;0;895
Tooting;Sadiq Khan;17;Wandsworth;73836;19514;22038;7509;624;609;0;0;361
Torbay;Adrian Sanders;18;Devon;76151;19048;3231;23126;2628;468;0;0;709
Totnes;Sarah Wollaston;18;Devon;67937;21940;3538;17013;2890;1181;0;0;1281
Tottenham;David Lammy;16;Haringey;69933;6064;24128;7197;466;980;0;0;1852
Truro and Falmouth;Sarah Newton;18;Cornwall;70598;20349;4697;19914;1911;858;0;0;1039
Tunbridge Wells;Greg Clark;20;Kent;72042;28302;5448;12726;2054;914;0;0;876
Twickenham;Vincent Cable;17;Richmond Upon Thames;79861;20343;4583;32483;868;674;0;0;770
Tynemouth;Alan Campbell;4;Newcastle area;75680;18121;23860;7845;900;538;0;0;1404
Tyneside North;Mary Glindon;4;Newcastle area;77690;8514;23505;10621;1306;0;0;0;2459
Uxbridge and South Ruislip;John Randall;17;Hillingdon;71168;21758;10542;8995;1234;477;0;0;2070
Vauxhall;Kate Hoey;17;Lambeth;74811;9301;21498;10847;0;708;0;0;837
Wakefield;Mary Creagh;7;West Yorkshire;70834;15841;17454;7256;0;873;0;0;3020
Wallasey;Angela Eagle;5;Merseyside;65915;13071;21578;5693;1205;0;0;0;107
Walsall North;David Winnick;9;Black Country;65183;12395;13385;4754;1737;0;0;2930;986
Walsall South;Valerie Vaz;9;Black Country;64830;14456;16211;5880;3449;0;0;0;886
Walthamstow;Stella Creasy;16;Waltham Forest;64625;5734;21252;11774;823;767;0;0;644
Wansbeck;Ian Lavery;4;Northumberland;63045;6714;17548;10517;974;601;0;0;1919
Wantage;Ed Vaizey;15;Oxfordshire;80456;29284;7855;15737;2421;1044;0;0;0
Warley;John Spellar;9;Black Country;63106;9484;20240;5929;2617;0;0;0;0
Warrington North;Helen Jones;11;Cheshire;71601;13364;20135;9196;0;0;0;0;1516
Warrington South;David Mowat;11;Cheshire;80506;19641;18088;15094;1624;427;0;0;0
Warwick and Leamington;Chris White;10;Warwickshire;67800;20876;17363;8977;926;693;0;0;197
Warwickshire North;Dan Byles;10;Warwickshire;70143;18993;18939;5481;1335;0;0;0;2517
Washington and Sunderland West;Sharon Hodgson;4;Newcastle area;68910;8157;19615;6382;1267;0;0;0;1913
Watford;Richard Harrington;14;Hertfordshire;80798;19291;14750;17866;1199;885;0;0;1217
Waveney;Peter Aldous;13;Suffolk;78532;20571;19802;6811;2684;1167;0;0;106
Wealden;Charles Hendry;20;East Sussex;76537;31090;5266;13911;3319;1383;0;0;0
Weaver Vale;Graham Evans;11;Cheshire;66538;16953;15962;8196;1018;338;0;0;1523
Wellingborough;Peter Bone;13;Northamptonshire;76857;24918;13131;8848;1636;480;0;0;2648
Wells;Tessa Munt;18;Somerset;79432;23760;4198;24560;1711;631;0;0;1004
Welwyn Hatfield;Grant Shapps;14;Hertfordshire;72058;27894;10471;8010;1643;796;0;0;158
Wentworth and Dearne;John Healey;8;South Yorkshire;72586;7396;21316;6787;3418;0;0;0;3189
West Bromwich East;Tom Watson;9;Black Country;62824;10961;17657;4993;984;0;0;0;3355
West Bromwich West;Adrian Bailey;9;Black Country;65013;10612;16263;4336;1566;0;0;3394;0
West Ham;Lyn Brown;16;Newham;85313;6888;29422;5392;766;645;0;0;3838
Westminster North;Karen Buck;16;City of Westminster;66739;15251;17377;5513;315;478;0;0;664
Westmorland and Lonsdale;Tim Farron;4;Cumbria;67881;18632;1158;30896;801;0;0;0;0
Weston-Super-Mare;John Penrose;15;Bristol area;78487;23356;5772;20665;1406;0;0;0;1517
Wigan;Lisa Nandy;6;Western Manchester;75564;10917;21404;6797;2516;0;0;0;2506
Wiltshire North;James Gray;15;Wiltshire;66313;25114;3239;17631;1908;599;0;0;208
Wiltshire South West;Andrew Murrison;15;Wiltshire;71645;25321;5613;14954;2684;0;0;0;446
Wimbledon;Stephen Hammond;17;Merton;65723;23257;10550;11849;914;590;0;0;235
Winchester;Steve Brine;19;Hampshire;73806;27155;3051;24107;1139;0;0;0;503
Windsor;Adam Afriyie;19;Berkshire;69511;30172;4910;11118;1612;628;0;0;1148
Wirral South;Alison McGovern;5;Merseyside;56099;15745;16276;6611;1274;0;0;0;0
Wirral West;Esther McVey;5;Merseyside;55050;16726;14290;6630;899;0;0;0;827
Witham;Priti Patel;14;Essex;66750;24448;8656;9252;3060;1419;0;0;0
Witney;David Cameron;15;Oxfordshire;78766;33973;7511;11233;2001;2385;0;0;666
Woking;Jonathan Lord;19;Surrey;73838;26551;4246;19744;1997;0;0;0;248
Wokingham;John Redwood;19;Berkshire;76219;28754;5516;15262;1664;567;0;0;2765
Wolverhampton North East;Emma Reynolds;9;Black Country;59324;11964;14448;4711;1138;0;0;0;2633
Wolverhampton South East;Pat McFadden;9;Black Country;60450;9912;16505;5277;2675;0;0;0;338
Wolverhampton South West;Paul Uppal;9;Black Country;59160;16344;15653;6430;1487;0;0;0;246
Worcester;Robin Walker;11;Hereford and Worcestershire;72831;19358;16376;9525;1360;735;0;0;1620
Worcestershire Mid;Peter Luff;11;Hereford and Worcestershire;72171;27770;7613;11906;3049;593;0;0;0
Worcestershire West;Harriett Baldwin;11;Hereford and Worcestershire;73270;27213;3661;20459;2119;641;0;0;0
Workington;Tony Cunningham;4;Cumbria;59607;13290;17865;5318;876;0;0;0;1910
Worsley and Eccles South;Barbara Keeley;6;Central Manchester;72473;13555;17892;6883;2037;0;0;0;1334
Worthing East and Shoreham;Tim Loughton;20;West Sussex;74001;23458;8087;12353;2984;1126;0;0;389
Worthing West;Peter Bottomley;20;West Sussex;75945;25416;5800;13687;2924;996;0;0;300
Wrekin, The;Mark Pritchard;11;Shropshire;65544;21922;12472;8019;2050;0;0;0;1505
Wycombe;Steven Baker;14;Buckinghamshire;74502;23423;8326;13863;2123;0;0;0;416
Wyre and Preston North;Ben Wallace;5;Lancashire;71201;26877;10932;11033;2466;0;0;0;0
Wyre Forest;Mark Garnier;11;Hereford and Worcestershire;76711;18793;7298;6040;1498;0;0;16150;1120
Wythenshawe and Sale East;Paul Goggins;6;Central Manchester;79923;10412;17987;9107;1405;0;0;0;1840
Yeovil;David Laws;18;Somerset;82314;18807;2991;31843;2357;0;0;0;1162
York Central;Hugh Bayley;7;North Yorkshire;74908;12122;18573;11694;1100;1669;0;0;1325
York Outer;Julian Sturdy;7;North Yorkshire;74965;22912;9108;19224;1100;0;0;0;956
Yorkshire East;Greg Knight;8;Humber area;80342;24328;10401;10842;2142;762;0;0;2779
Aberavon;Hywel Francis;12;West Glamorgan;50789;4411;16073;5034;489;0;2198;1276;1477
Aberconwy;Guto Bebb;12;Clwyd;44593;10734;7336;5786;632;0;5341;0;137
Alyn and Deeside;Mark Tami;12;Clwyd;60931;12885;15804;7308;1009;0;1549;1368;0
Arfon;Hywel Williams;12;Gwynedd;41198;4416;7928;3666;685;0;9383;0;0
Blaenau Gwent;Nick Smith;12;Gwent;52438;2265;16974;3285;488;0;1333;6458;1592
Brecon and Radnorshire;Roger Williams;12;Powys;53589;14182;4096;17929;876;341;989;0;432
Bridgend;Madeleine Moon;12;Mid Glamorgan;58700;11668;13931;8658;801;0;2269;1020;0
Caerphilly;Wayne David;12;Gwent;62134;6622;17377;5688;910;0;6460;1635;0
Cardiff Central;Jenny Willott;12;South Glamorgan;61162;7799;10400;14976;765;575;1246;0;390
Cardiff North;Jonathan Evans;12;South Glamorgan;65553;17860;17666;8724;1130;362;1588;0;300
Cardiff South and Penarth;Alun Michael;12;South Glamorgan;73704;12553;17262;9875;1145;554;1851;0;1129
Cardiff West;Kevin Brennan;12;South Glamorgan;62787;12143;16894;7186;1117;750;2868;0;0
Carmarthen East and Dinefwr;Jonathan Edwards;12;Dyfed;52385;8506;10065;4609;1285;0;13546;0;0
Carmarthen West and Pembrokeshire South;Simon Hart;12;Dyfed;57519;16649;13226;4890;1146;0;4232;0;364
Ceredigion;Mark Williams;12;Dyfed;59043;4421;2210;19139;977;696;10815;0;0
Clwyd South;Susan Elan Jones;12;Clwyd;53748;10477;13311;5965;819;0;3009;1100;0
Clwyd West;David Jones;12;Clwyd;57913;15833;9414;5801;864;0;5864;0;335
Cynon Valley;Ann Clwyd;12;Mid Glamorgan;50656;3010;15681;4120;1001;0;6064;0;0
Delyn;David Hanson;12;Clwyd;53470;12811;15083;5747;655;0;1844;844;0
Dwyfor Meirionnydd;Elfyn Llwyd;12;Gwynedd;45354;6447;4021;3538;776;0;12814;1310;0
Gower;Martin Caton;12;West Glamorgan;61696;13333;16016;7947;652;0;2760;963;0
Islwyn;Christopher Evans;12;Gwent;54826;4854;17069;3597;936;0;4518;1495;2221
Llanelli;Nia Griffith;12;Dyfed;55637;5381;15916;3902;1047;0;11215;0;0
Merthyr Tydfil and Rhymney;Dai Havard;12;Mid Glamorgan;54715;2412;14007;9951;872;0;1621;1845;1368
Monmouth;David Davies;12;Gwent;62768;22466;12041;9026;1126;587;1273;0;0
Montgomeryshire;Glyn Davies;12;Powys;48730;13976;2407;12792;1128;0;2802;0;708
Neath;Peter Hain;12;West Glamorgan;57186;4847;17172;5535;829;0;7397;1342;0
Newport East;Jessica Morden;12;Gwent;54437;7918;12744;11094;677;0;724;1168;123
Newport West;Paul Flynn;12;Gwent;62111;12845;16389;6587;1144;450;1122;1183;0
Ogmore;Huw Irranca-Davies;12;Mid Glamorgan;55527;5398;18644;5260;780;0;3326;1242;0
Pontypridd;Owen Smith;12;Mid Glamorgan;58219;5932;14220;11435;1229;361;2673;0;821
Preseli Pembrokeshire;Stephen Crabb;12;Dyfed;57419;16944;12339;5759;906;0;3654;0;0
Rhondda;Chris Bryant;12;Mid Glamorgan;51554;1993;17183;3309;358;0;5630;2599;0
Swansea East;Sian James;12;West Glamorgan;59823;4823;16819;5981;839;318;2181;1715;0
Swansea West;Geraint Davies;12;West Glamorgan;61334;7407;12335;11831;716;404;1437;910;553
Torfaen;Paul Murphy;12;Gwent;61178;7541;16847;6264;862;438;2005;1657;2026
Vale of Clwyd;Chris Ruane;12;Clwyd;55781;12508;15017;4472;515;0;2068;827;127
Vale of Glamorgan;Alun Cairns;12;South Glamorgan;70262;20341;16034;7403;1529;457;2667;0;236
Wrexham;Ian Lucas;12;Clwyd;50872;8375;12161;8503;774;0;2029;1134;0
Ynys Mon;Albert Owen;12;Gwynedd;50075;7744;11490;2592;1201;0;9029;2225;163
Aberdeen North;Frank Doran;1;Grampian;64808;4666;16746;7001;0;0;8385;0;903
Aberdeen South;Anne Begg;1;Grampian;64031;8914;15722;12216;0;413;5102;0;667
Aberdeenshire West and Kincardine;Sir Robert Smith;1;Grampian;66110;13678;6159;17362;397;0;7086;0;513
Airdrie and Shotts;Pamela Nash;2;Glasgow area;62364;3133;20849;2898;0;0;8441;0;528
Angus;Michael Weir;1;Tayside;62863;11738;6535;4090;577;0;15020;0;0
Argyll and Bute;Alan Reid;2;Argyll and Bute;67165;10861;10274;14292;0;789;8563;0;428
Ayr Carrick and Cumnock;Sandra Osborne;2;Ayrshire and Lanark;73320;11721;21632;4264;0;0;8276;0;0
Ayrshire Central;Brian Donohoe;2;Ayrshire and Lanark;68352;8943;20950;5236;0;0;8364;0;422
Ayrshire North and Arran;Katy Clark;2;Ayrshire and Lanark;74953;7212;21860;4630;0;0;11965;0;449
Banff and Buchan;Eilidh Whiteford;1;Grampian;64300;11841;5382;4365;0;0;15868;0;1010
Berwickshire, Roxburgh and Selkirk;Michael Moore;1;Borders;73826;16555;5003;22230;595;0;4497;0;134
Caithness Sutherland and Easter Ross;John Thurso;1;Highland;47257;3744;7081;11907;0;0;5516;0;520
Coatbridge, Chryston and Bellshill;Tom Clarke;2;Glasgow area;70067;3374;27728;3519;0;0;7014;0;0
Cumbernauld, Kilsyth and Kirkintilloch East;Gregg McClymont;2;Glasgow area;64037;3407;23549;3924;0;0;9794;0;476
Dumfries and Galloway;Russell Brown;2;Dumfries and Galloway;74581;16501;23950;4608;695;0;6419;0;0
Dumfriesshire, Clydesdale and Tweeddale;David Mundell;2;Dumfries and Galloway;66627;17457;13263;9080;637;510;4945;0;0
Dunbartonshire East;Jo Swinson;2;Glasgow area;63795;7431;16367;18551;545;0;5054;0;0
Dunbartonshire West;Gemma Doyle;2;Glasgow area;66085;3242;25905;3434;683;0;8497;0;505
Dundee East;Stewart Hosie;1;Tayside;65471;6177;13529;4285;431;542;15350;0;254
Dundee West;James McGovern;1;Tayside;63013;3461;17994;4233;0;0;10716;0;722
Dunfermline and West Fife;Thomas Docherty;1;Fife;73769;3305;22639;17169;633;0;5201;0;0
East Kilbride, Strathaven and Lesmahagow;Michael McCann;2;Ayrshire and Lanark;76534;6613;26241;5052;0;1003;11738;0;299
East Lothian;Fiona O'Donnell;1;Edinburgh area;73438;9661;21919;8288;548;862;7883;0;0
Edinburgh East;Sheila Gilmore;1;Edinburgh area;60941;4358;17314;7751;0;2035;8133;0;274
Edinburgh North and Leith;Mark Lazarowicz;1;Edinburgh area;69204;7079;17740;16016;0;1062;4568;0;891
Edinburgh South;Ian Murray;1;Edinburgh area;59354;9452;15215;14899;0;881;3354;0;0
Edinburgh South West;Alistair Darling;1;Edinburgh area;66359;11026;19473;8194;0;872;5530;0;367
Edinburgh West;Michael Crockart;1;Edinburgh area;65161;10767;12881;16684;0;0;6115;0;0
Falkirk;Eric Joyce;1;Central;81869;5698;23207;5225;1283;0;15364;0;0
Fife North East;Sir Menzies Campbell;1;Fife;62969;8715;6869;17763;1032;0;5685;0;0
Glasgow Central;Anas Sarwar;2;Glasgow area;60062;2158;15908;5010;246;800;5357;0;1101
Glasgow East;Margaret Curran;2;Glasgow area;61516;1453;19797;1617;209;0;7957;677;454
Glasgow North;Ann McKechin;2;Glasgow area;51416;2089;13181;9283;0;947;3530;0;583
Glasgow North East;Willie Bain;2;Glasgow area;59859;1569;20100;2262;0;0;4158;798;522
Glasgow North West;John Robertson;2;Glasgow area;60968;3537;19233;5622;0;882;5430;0;878
Glasgow South;Tom Harris;2;Glasgow area;65029;4592;20736;4739;0;961;8078;0;988
Glasgow South West;Ian Davidson;2;Glasgow area;58182;2084;19863;2870;0;0;5192;0;1772
Glenrothes;Lindsay Roy;1;Fife;67893;2922;25247;3108;425;0;8799;0;0
Gordon;Malcolm Bruce;1;Grampian;73420;9111;9811;17575;0;752;10827;0;699
Inverclyde;David Cairns;2;Glasgow area;59209;4502;20993;5007;433;0;6577;0;0
Inverness Nairn Badenoch and Strathspey;Danny Alexander;1;Highland;72528;6278;10407;19172;574;789;8803;0;1063
Kilmarnock and Loudoun;Cathy Jamieson;2;Ayrshire and Lanark;74131;6592;24460;3419;0;0;12082;0;0
Kirkcaldy and Cowdenbeath;Gordon Brown;1;Fife;73665;4258;29559;4269;760;0;6550;0;406
Lanark and Hamilton East;Jimmy Hood;2;Ayrshire and Lanark;74773;6981;23258;5249;616;0;9780;0;670
Linlithgow and East Falkirk;Michael Connarty;1;Edinburgh area;80907;6146;25634;6589;0;0;13081;0;0
Livingston;Graeme Morrice;1;Edinburgh area;75924;5158;23215;5316;443;0;12424;0;1351
Midlothian;David Hamilton;1;Edinburgh area;61387;4661;18449;6711;364;595;8100;0;362
Moray;Angus Robertson;1;Grampian;65925;10683;7007;5956;1085;0;16273;0;0
Motherwell and Wishaw;Frank Roy;2;Glasgow area;66918;3660;23910;3840;0;0;7104;0;609
Na h-Eileanan An Iar (Western Isles);Angus MacNeil;1;Western Isles;22266;647;4838;1097;0;0;6723;1412;0
Ochil and South Perthshire;Gordon Banks;1;Central;75115;10342;19131;5754;689;609;13944;0;0
Orkney and Shetland;Alistair Carmichael;1;Orkney and Shetland;33085;2032;2061;11989;1222;0;2042;0;0
Paisley and Renfrewshire North;James Sheridan;2;Glasgow area;63704;6381;23613;4597;0;0;8333;0;783
Paisley and Renfrewshire South;Douglas Alexander;2;Glasgow area;61197;3979;23842;3812;0;0;7228;0;1137
Perth and North Perthshire;Peter Wishart;1;Tayside;72141;14739;7923;5954;0;0;19118;0;534
Renfrewshire East;Jim Murphy;2;Glasgow area;66249;15567;25987;4720;372;0;4535;0;0
Ross Skye and Lochaber;Charles Kennedy;1;Highland;51836;4260;5265;18335;659;777;5263;0;279
Rutherglen and Hamilton West;Tom Greatrex;2;Ayrshire and Lanark;76408;4540;28566;5636;675;0;7564;0;0
Stirling;Anne McGuire;1;Central;66080;11254;19558;6797;395;746;8091;0;0
Antrim East;Sammy Wilson;3;Antrim;60204;7223;2019;13993;0;0;2064;3377;1826
Antrim North;Ian Paisley Jr;3;Antrim;73338;4634;3738;19672;0;0;5265;7114;1974
Antrim South;Rev William McCrea;3;Antrim;63054;10353;2955;11536;0;0;4729;2607;1829
Belfast East;Naomi Long;3;Antrim;59007;7305;365;11306;0;0;817;12839;1856
Belfast North;Nigel Dodds;3;Antrim;65504;2837;4544;14812;0;0;12588;1809;403
Belfast South;Dr Alasdair McDonnell;3;Antrim;59524;5910;14026;8100;0;1036;0;5114;0
Belfast West;Gerry Adams;3;Antrim;59522;1000;5261;2436;0;0;22840;596;0
Down North;Lady Sylvia Hermon;3;Down;60698;6817;680;0;0;1043;250;21181;3510
Down South;Margaret Ritchie;3;Down;70784;3093;20648;3645;0;901;12236;1506;560
Fermanagh and South Tyrone;Michelle Gildernew;3;Fermanagh;67908;0;3574;0;0;0;21304;21300;625
Foyle;Mark Durkan;3;Londonderry;65843;1221;16922;4489;0;0;12098;2936;223
Lagan Valley;Jeffrey Donaldson;3;Antrim;65257;7713;1835;18199;0;0;1465;4174;3154
Londonderry East;Gregory Campbell;3;Londonderry;63220;6218;5399;12097;0;0;6742;2572;1922
Newry and Armagh;Conor Murphy;3;Armagh;74308;8558;10526;5764;0;0;18857;545;656
Strangford;Jim Shannon;3;Down;60539;9050;2164;14926;0;562;1161;2828;1814
Tyrone West;Pat Doherty;3;Tyrone;61148;5281;5212;7365;0;0;18050;859;508
Ulster Mid;Martin McGuinness;3;Tyrone;64594;4509;5826;5876;0;0;21239;2995;397
Upper Bann;Thomas Simpson;3;Armagh;74732;10639;5276;14000;0;0;10237;1231;0
